{"token_set_precision": 0.06307218156800203, "token_set_recall": 0.08647902725929052, "token_set_f1": 0.07076120212600427, "token_set_f1_sem": 0.0033267708972854236, "n_ngrams_match_1": 0.966, "n_ngrams_match_2": 0.04, "n_ngrams_match_3": 0.0, "num_true_words": 14.658, "num_pred_words": 13.578}