{"token_set_precision": 0.08697064797947165, "token_set_recall": 0.10198103240069209, "token_set_f1": 0.09197191134338278, "token_set_f1_sem": 0.0037230262115774417, "n_ngrams_match_1": 1.282, "n_ngrams_match_2": 0.068, "n_ngrams_match_3": 0.01, "num_true_words": 13.352, "num_pred_words": 14.104}