{"token_set_precision": 0.06234713472801706, "token_set_recall": 0.12880044955044967, "token_set_f1": 0.08161700703911626, "token_set_f1_sem": 0.004106615760300581, "n_ngrams_match_1": 0.782, "n_ngrams_match_2": 0.04, "n_ngrams_match_3": 0.012, "num_true_words": 11.074, "num_pred_words": 8.382}