{"token_set_precision": 0.05877978100331037, "token_set_recall": 0.09704642204201042, "token_set_f1": 0.06690818193784254, "token_set_f1_sem": 0.0036603127731026164, "n_ngrams_match_1": 0.816, "n_ngrams_match_2": 0.044, "n_ngrams_match_3": 0.01, "num_true_words": 12.004, "num_pred_words": 13.834}