{"token_set_precision": 0.17163001443001463, "token_set_recall": 0.07367813119972576, "token_set_f1": 0.0979858401681676, "token_set_f1_sem": 0.003257662298876601, "n_ngrams_match_1": 1.16, "n_ngrams_match_2": 0.006, "n_ngrams_match_3": 0.0, "num_true_words": 5.81, "num_pred_words": 16.316}