{"token_set_precision": 0.05891033460004046, "token_set_recall": 0.13143908313908323, "token_set_f1": 0.07586523918820587, "token_set_f1_sem": 0.0038931597554957, "n_ngrams_match_1": 0.716, "n_ngrams_match_2": 0.024, "n_ngrams_match_3": 0.002, "num_true_words": 11.074, "num_pred_words": 10.552}