{"token_set_precision": 0.11856743114052326, "token_set_recall": 0.15807594367277075, "token_set_f1": 0.13375258926504752, "token_set_f1_sem": 0.00514294086897109, "n_ngrams_match_1": 1.96, "n_ngrams_match_2": 0.276, "n_ngrams_match_3": 0.074, "num_true_words": 15.214, "num_pred_words": 13.356}