{"token_set_precision": 0.06766309759212237, "token_set_recall": 0.1673114441114444, "token_set_f1": 0.09327032437467009, "token_set_f1_sem": 0.003909587252763422, "n_ngrams_match_1": 1.138, "n_ngrams_match_2": 0.044, "n_ngrams_match_3": 0.006, "num_true_words": 14.376, "num_pred_words": 12.518}