{"token_set_precision": 0.5056725770946126, "token_set_recall": 0.5580928203203745, "token_set_f1": 0.5278356587571532, "token_set_f1_sem": 0.007809891334153473, "n_ngrams_match_1": 7.828, "n_ngrams_match_2": 3.228, "n_ngrams_match_3": 1.546, "num_true_words": 15.214, "num_pred_words": 14.774}