{"token_set_precision": 0.08760393397452242, "token_set_recall": 0.10337246217834481, "token_set_f1": 0.09342646195286466, "token_set_f1_sem": 0.0037404587729110857, "n_ngrams_match_1": 1.236, "n_ngrams_match_2": 0.066, "n_ngrams_match_3": 0.012, "num_true_words": 13.352, "num_pred_words": 12.602}