{"token_set_precision": 0.08612916462622361, "token_set_recall": 0.14156457430598307, "token_set_f1": 0.10318090051230601, "token_set_f1_sem": 0.004691528474111025, "n_ngrams_match_1": 1.21, "n_ngrams_match_2": 0.106, "n_ngrams_match_3": 0.014, "num_true_words": 11.932, "num_pred_words": 10.664}