{"token_set_precision": 0.08095120353502723, "token_set_recall": 0.112585042735043, "token_set_f1": 0.09030763336461978, "token_set_f1_sem": 0.0039008438664956883, "n_ngrams_match_1": 1.084, "n_ngrams_match_2": 0.05, "n_ngrams_match_3": 0.002, "num_true_words": 11.932, "num_pred_words": 11.368}