{"token_set_precision": 0.04617735793692851, "token_set_recall": 0.1857614542320426, "token_set_f1": 0.06413312241739066, "token_set_f1_sem": 0.004054087000796443, "n_ngrams_match_1": 0.868, "n_ngrams_match_2": 0.1, "n_ngrams_match_3": 0.026, "num_true_words": 16.83, "num_pred_words": 17.374}