{"token_set_precision": 0.05473408062525711, "token_set_recall": 0.2334976495726496, "token_set_f1": 0.08022255426331344, "token_set_f1_sem": 0.004262729708934078, "n_ngrams_match_1": 0.644, "n_ngrams_match_2": 0.03, "n_ngrams_match_3": 0.002, "num_true_words": 11.07, "num_pred_words": 10.876}