{"token_set_precision": 0.06195733710733702, "token_set_recall": 0.09102107059607076, "token_set_f1": 0.07149214666002024, "token_set_f1_sem": 0.003990560785442461, "n_ngrams_match_1": 0.83, "n_ngrams_match_2": 0.034, "n_ngrams_match_3": 0.002, "num_true_words": 11.858, "num_pred_words": 10.48}