{"token_set_precision": 0.06464113296404315, "token_set_recall": 0.07413099792364507, "token_set_f1": 0.06815810717162223, "token_set_f1_sem": 0.0029337917325334304, "n_ngrams_match_1": 1.056, "n_ngrams_match_2": 0.012, "n_ngrams_match_3": 0.0, "num_true_words": 13.944, "num_pred_words": 14.602}