{"token_set_precision": 0.6112554606163942, "token_set_recall": 0.639193874907342, "token_set_f1": 0.6231184443158015, "token_set_f1_sem": 0.00882046701450513, "n_ngrams_match_1": 9.386, "n_ngrams_match_2": 4.554, "n_ngrams_match_3": 2.668, "num_true_words": 15.214, "num_pred_words": 14.984}