{"token_set_precision": 0.023856049342814035, "token_set_recall": 0.12625554772025363, "token_set_f1": 0.03613381958109139, "token_set_f1_sem": 0.003225643881262329, "n_ngrams_match_1": 0.336, "n_ngrams_match_2": 0.024, "n_ngrams_match_3": 0.004, "num_true_words": 12.404, "num_pred_words": 15.81}