{"token_set_precision": 0.0563310439560439, "token_set_recall": 0.07729659229659244, "token_set_f1": 0.06369329742429472, "token_set_f1_sem": 0.003608551995548302, "n_ngrams_match_1": 0.776, "n_ngrams_match_2": 0.024, "n_ngrams_match_3": 0.0, "num_true_words": 11.858, "num_pred_words": 10.938}