{"token_set_precision": 0.0638084193927847, "token_set_recall": 0.0779583191318486, "token_set_f1": 0.0686212943958817, "token_set_f1_sem": 0.003664976982413092, "n_ngrams_match_1": 0.86, "n_ngrams_match_2": 0.02, "n_ngrams_match_3": 0.0, "num_true_words": 12.334, "num_pred_words": 12.3}