{"token_set_precision": 0.04577514985014986, "token_set_recall": 0.085615360456537, "token_set_f1": 0.05726265621427398, "token_set_f1_sem": 0.003471893963900219, "n_ngrams_match_1": 0.72, "n_ngrams_match_2": 0.036, "n_ngrams_match_3": 0.004, "num_true_words": 13.482, "num_pred_words": 10.502}