{"token_set_precision": 0.10219378561754751, "token_set_recall": 0.12917933667639586, "token_set_f1": 0.11248147957725592, "token_set_f1_sem": 0.004077035001076786, "n_ngrams_match_1": 1.336, "n_ngrams_match_2": 0.104, "n_ngrams_match_3": 0.014, "num_true_words": 12.482, "num_pred_words": 11.142}