{"token_set_precision": 0.01775638874369523, "token_set_recall": 0.10153924963924965, "token_set_f1": 0.027983768162285424, "token_set_f1_sem": 0.0025469685933684856, "n_ngrams_match_1": 0.324, "n_ngrams_match_2": 0.032, "n_ngrams_match_3": 0.024, "num_true_words": 14.778, "num_pred_words": 16.122}