{"token_set_precision": 0.021320295631441125, "token_set_recall": 0.03177107826813706, "token_set_f1": 0.02409413594648047, "token_set_f1_sem": 0.002173392954394464, "n_ngrams_match_1": 0.314, "n_ngrams_match_2": 0.006, "n_ngrams_match_3": 0.0, "num_true_words": 13.484, "num_pred_words": 13.856}