{"token_set_precision": 0.048780525030525004, "token_set_recall": 0.07394499944499944, "token_set_f1": 0.05703113217369823, "token_set_f1_sem": 0.0036750465485264143, "n_ngrams_match_1": 0.716, "n_ngrams_match_2": 0.008, "n_ngrams_match_3": 0.0, "num_true_words": 11.858, "num_pred_words": 10.938}