{"token_set_precision": 0.06650158292859533, "token_set_recall": 0.07257058945526448, "token_set_f1": 0.06757514629690259, "token_set_f1_sem": 0.002834530177359611, "n_ngrams_match_1": 1.122, "n_ngrams_match_2": 0.026, "n_ngrams_match_3": 0.006, "num_true_words": 13.944, "num_pred_words": 14.804}