{"token_set_precision": 0.07357262247556369, "token_set_recall": 0.0873785964035966, "token_set_f1": 0.07893349886288702, "token_set_f1_sem": 0.0036695896827336305, "n_ngrams_match_1": 0.95, "n_ngrams_match_2": 0.056, "n_ngrams_match_3": 0.016, "num_true_words": 12.004, "num_pred_words": 10.946}