{"token_set_precision": 0.06684700049692305, "token_set_recall": 0.2012563353313354, "token_set_f1": 0.09224093465978839, "token_set_f1_sem": 0.0044750796826497, "n_ngrams_match_1": 0.974, "n_ngrams_match_2": 0.07, "n_ngrams_match_3": 0.038, "num_true_words": 12.482, "num_pred_words": 11.756}