{"token_set_precision": 0.023922523554876497, "token_set_recall": 0.012157110373286845, "token_set_f1": 0.014196038378546117, "token_set_f1_sem": 0.002097775468861866, "n_ngrams_match_1": 0.132, "n_ngrams_match_2": 0.004, "n_ngrams_match_3": 0.0, "num_true_words": 2.93, "num_pred_words": 13.258}