{"token_set_precision": 0.11995576776165034, "token_set_recall": 0.08186068702539302, "token_set_f1": 0.09069665947994858, "token_set_f1_sem": 0.0041600008120825606, "n_ngrams_match_1": 0.91, "n_ngrams_match_2": 0.004, "n_ngrams_match_3": 0.0, "num_true_words": 5.81, "num_pred_words": 11.952}