{"token_set_precision": 0.039786795144999464, "token_set_recall": 0.09677599140625463, "token_set_f1": 0.05101680363942921, "token_set_f1_sem": 0.0034997119054053613, "n_ngrams_match_1": 0.632, "n_ngrams_match_2": 0.022, "n_ngrams_match_3": 0.002, "num_true_words": 13.258, "num_pred_words": 11.398}