{"token_set_precision": 0.042837456987456946, "token_set_recall": 0.07529028194028192, "token_set_f1": 0.05312577001611724, "token_set_f1_sem": 0.003812058605980858, "n_ngrams_match_1": 0.652, "n_ngrams_match_2": 0.02, "n_ngrams_match_3": 0.002, "num_true_words": 11.858, "num_pred_words": 9.698}