{"token_set_precision": 0.0449881785796949, "token_set_recall": 0.11061807081807092, "token_set_f1": 0.06076440471316492, "token_set_f1_sem": 0.0032094599655867096, "n_ngrams_match_1": 0.708, "n_ngrams_match_2": 0.018, "n_ngrams_match_3": 0.004, "num_true_words": 15.028, "num_pred_words": 10.582}