{"token_set_precision": 0.06248499294822819, "token_set_recall": 0.07807121848739498, "token_set_f1": 0.06760245366177706, "token_set_f1_sem": 0.003561735932904968, "n_ngrams_match_1": 0.824, "n_ngrams_match_2": 0.054, "n_ngrams_match_3": 0.01, "num_true_words": 12.004, "num_pred_words": 12.138}