{"token_set_precision": 0.03786080419968894, "token_set_recall": 0.12392260517260528, "token_set_f1": 0.05496152125172441, "token_set_f1_sem": 0.0032483246729672097, "n_ngrams_match_1": 0.594, "n_ngrams_match_2": 0.016, "n_ngrams_match_3": 0.004, "num_true_words": 15.028, "num_pred_words": 10.04}