{"token_set_precision": 0.130907622116446, "token_set_recall": 0.14260852807323438, "token_set_f1": 0.13542312916516097, "token_set_f1_sem": 0.0050082322027137525, "n_ngrams_match_1": 1.736, "n_ngrams_match_2": 0.364, "n_ngrams_match_3": 0.14, "num_true_words": 12.698, "num_pred_words": 11.912}