{"token_set_precision": 0.09399410524602021, "token_set_recall": 0.18830735383467592, "token_set_f1": 0.12028209035658519, "token_set_f1_sem": 0.005433514331027669, "n_ngrams_match_1": 1.618, "n_ngrams_match_2": 0.246, "n_ngrams_match_3": 0.092, "num_true_words": 15.214, "num_pred_words": 10.952}