{"token_set_precision": 0.06093659073125013, "token_set_recall": 0.07936433354227483, "token_set_f1": 0.06739388162850339, "token_set_f1_sem": 0.003109734611972651, "n_ngrams_match_1": 1.002, "n_ngrams_match_2": 0.018, "n_ngrams_match_3": 0.002, "num_true_words": 13.944, "num_pred_words": 14.156}