{"token_set_precision": 0.08328111487755466, "token_set_recall": 0.09401454512979292, "token_set_f1": 0.08629866870943213, "token_set_f1_sem": 0.004117579205126504, "n_ngrams_match_1": 1.142, "n_ngrams_match_2": 0.066, "n_ngrams_match_3": 0.016, "num_true_words": 12.334, "num_pred_words": 14.092}