{"token_set_precision": 0.07498758447434924, "token_set_recall": 0.09026938616938635, "token_set_f1": 0.08085262747804739, "token_set_f1_sem": 0.0036639871138814343, "n_ngrams_match_1": 0.994, "n_ngrams_match_2": 0.052, "n_ngrams_match_3": 0.006, "num_true_words": 12.004, "num_pred_words": 11.432}