{"token_set_precision": 0.0204463364636739, "token_set_recall": 0.034241763791763774, "token_set_f1": 0.024307345974679113, "token_set_f1_sem": 0.0021574524250961382, "n_ngrams_match_1": 0.314, "n_ngrams_match_2": 0.012, "n_ngrams_match_3": 0.0, "num_true_words": 13.484, "num_pred_words": 13.784}