{"token_set_precision": 0.1119621189268251, "token_set_recall": 0.14994524380847937, "token_set_f1": 0.12563730694166886, "token_set_f1_sem": 0.00521963010113657, "n_ngrams_match_1": 1.552, "n_ngrams_match_2": 0.15, "n_ngrams_match_3": 0.032, "num_true_words": 11.932, "num_pred_words": 10.584}