{"token_set_precision": 0.06656988786926868, "token_set_recall": 0.1245448412698415, "token_set_f1": 0.0841273369757583, "token_set_f1_sem": 0.0034264141256129363, "n_ngrams_match_1": 1.152, "n_ngrams_match_2": 0.012, "n_ngrams_match_3": 0.002, "num_true_words": 13.944, "num_pred_words": 10.622}