{"token_set_precision": 0.07958882424764792, "token_set_recall": 0.15862909724434518, "token_set_f1": 0.10095393897322841, "token_set_f1_sem": 0.004522322312894117, "n_ngrams_match_1": 1.114, "n_ngrams_match_2": 0.08, "n_ngrams_match_3": 0.012, "num_true_words": 11.932, "num_pred_words": 10.946}