{"token_set_precision": 0.06255566982037565, "token_set_recall": 0.12737516927516948, "token_set_f1": 0.07840409777576626, "token_set_f1_sem": 0.0043908191537386015, "n_ngrams_match_1": 0.734, "n_ngrams_match_2": 0.06, "n_ngrams_match_3": 0.002, "num_true_words": 9.846, "num_pred_words": 12.806}