{"token_set_precision": 0.04831322231260307, "token_set_recall": 0.06870405476876068, "token_set_f1": 0.055124703293110096, "token_set_f1_sem": 0.002903583146269458, "n_ngrams_match_1": 0.808, "n_ngrams_match_2": 0.016, "n_ngrams_match_3": 0.002, "num_true_words": 13.944, "num_pred_words": 13.326}