{"token_set_precision": 0.05468283040488919, "token_set_recall": 0.11111098346098357, "token_set_f1": 0.06863321050820172, "token_set_f1_sem": 0.0038091034106932926, "n_ngrams_match_1": 0.756, "n_ngrams_match_2": 0.024, "n_ngrams_match_3": 0.002, "num_true_words": 12.004, "num_pred_words": 10.636}