{"token_set_precision": 0.05655036630036628, "token_set_recall": 0.20566339216339236, "token_set_f1": 0.0812317159837766, "token_set_f1_sem": 0.004228515463429822, "n_ngrams_match_1": 0.664, "n_ngrams_match_2": 0.026, "n_ngrams_match_3": 0.002, "num_true_words": 11.07, "num_pred_words": 10.64}