{"token_set_precision": 0.04329203455643081, "token_set_recall": 0.1008127150627152, "token_set_f1": 0.056979574771712796, "token_set_f1_sem": 0.0033437643135074305, "n_ngrams_match_1": 0.784, "n_ngrams_match_2": 0.01, "n_ngrams_match_3": 0.002, "num_true_words": 13.944, "num_pred_words": 10.682}