{"token_set_precision": 0.05982787702493581, "token_set_recall": 0.13678056159526764, "token_set_f1": 0.07799780880387533, "token_set_f1_sem": 0.004086518447831964, "n_ngrams_match_1": 0.834, "n_ngrams_match_2": 0.036, "n_ngrams_match_3": 0.004, "num_true_words": 12.004, "num_pred_words": 10.008}