{"token_set_precision": 0.0672036641463112, "token_set_recall": 0.18045263625263638, "token_set_f1": 0.08991095437080623, "token_set_f1_sem": 0.004600084995846476, "n_ngrams_match_1": 0.94, "n_ngrams_match_2": 0.074, "n_ngrams_match_3": 0.008, "num_true_words": 11.932, "num_pred_words": 13.056}