{"token_set_precision": 0.0740467076865045, "token_set_recall": 0.09141727308639089, "token_set_f1": 0.08098330386231689, "token_set_f1_sem": 0.004318312279030998, "n_ngrams_match_1": 1.15, "n_ngrams_match_2": 0.188, "n_ngrams_match_3": 0.076, "num_true_words": 15.028, "num_pred_words": 13.592}