{"token_set_precision": 0.057291331217801784, "token_set_recall": 0.11873117144293627, "token_set_f1": 0.07354584718238634, "token_set_f1_sem": 0.004449203038034776, "n_ngrams_match_1": 0.854, "n_ngrams_match_2": 0.056, "n_ngrams_match_3": 0.012, "num_true_words": 12.334, "num_pred_words": 8.044}