{"token_set_precision": 0.08478851927226547, "token_set_recall": 0.11866208660620461, "token_set_f1": 0.09637525394833167, "token_set_f1_sem": 0.003819246434412444, "n_ngrams_match_1": 1.296, "n_ngrams_match_2": 0.106, "n_ngrams_match_3": 0.012, "num_true_words": 14.658, "num_pred_words": 15.17}