{"token_set_precision": 0.009316518526193448, "token_set_recall": 0.05056082251082251, "token_set_f1": 0.014090156649908361, "token_set_f1_sem": 0.002142405522350435, "n_ngrams_match_1": 0.166, "n_ngrams_match_2": 0.008, "n_ngrams_match_3": 0.0, "num_true_words": 15.47, "num_pred_words": 15.188}