{"token_set_precision": 0.0339079480285497, "token_set_recall": 0.09666277790836618, "token_set_f1": 0.047596523193855704, "token_set_f1_sem": 0.003145851674117317, "n_ngrams_match_1": 0.61, "n_ngrams_match_2": 0.024, "n_ngrams_match_3": 0.0, "num_true_words": 16.296, "num_pred_words": 12.642}