{"token_set_precision": 0.035166358641358614, "token_set_recall": 0.06986928626928628, "token_set_f1": 0.044797984588610465, "token_set_f1_sem": 0.0031845366242244056, "n_ngrams_match_1": 0.526, "n_ngrams_match_2": 0.0, "n_ngrams_match_3": 0.0, "num_true_words": 11.858, "num_pred_words": 10.386}