{"token_set_precision": 0.03019184455035845, "token_set_recall": 0.03976628644832977, "token_set_f1": 0.03344918518023218, "token_set_f1_sem": 0.0024832993291262293, "n_ngrams_match_1": 0.45, "n_ngrams_match_2": 0.008, "n_ngrams_match_3": 0.0, "num_true_words": 13.484, "num_pred_words": 13.462}