{"token_set_precision": 0.07313887517711047, "token_set_recall": 0.09267740886564427, "token_set_f1": 0.07848123537029288, "token_set_f1_sem": 0.0038261331410764277, "n_ngrams_match_1": 1.018, "n_ngrams_match_2": 0.044, "n_ngrams_match_3": 0.012, "num_true_words": 12.004, "num_pred_words": 13.096}