{"token_set_precision": 0.09012528470803827, "token_set_recall": 0.14373342746864445, "token_set_f1": 0.10846098437175264, "token_set_f1_sem": 0.004031981477967217, "n_ngrams_match_1": 1.758, "n_ngrams_match_2": 0.128, "n_ngrams_match_3": 0.026, "num_true_words": 17.262, "num_pred_words": 14.298}