{"token_set_precision": 0.10084814956285554, "token_set_recall": 0.06703973689708988, "token_set_f1": 0.07454681049002893, "token_set_f1_sem": 0.004193950077612696, "n_ngrams_match_1": 0.738, "n_ngrams_match_2": 0.006, "n_ngrams_match_3": 0.0, "num_true_words": 5.81, "num_pred_words": 12.742}