{"token_set_precision": 0.05224779558807351, "token_set_recall": 0.07186654342389642, "token_set_f1": 0.05963374087445888, "token_set_f1_sem": 0.0032699232718066897, "n_ngrams_match_1": 0.786, "n_ngrams_match_2": 0.058, "n_ngrams_match_3": 0.022, "num_true_words": 15.028, "num_pred_words": 12.026}