{"token_set_precision": 0.05300437617937612, "token_set_recall": 0.09998543678543688, "token_set_f1": 0.06550131046800114, "token_set_f1_sem": 0.0038796293099494605, "n_ngrams_match_1": 0.766, "n_ngrams_match_2": 0.024, "n_ngrams_match_3": 0.0, "num_true_words": 11.858, "num_pred_words": 12.374}