{"token_set_precision": 0.00845491358486715, "token_set_recall": 0.03505521145521145, "token_set_f1": 0.012665279291349273, "token_set_f1_sem": 0.0019547108162033654, "n_ngrams_match_1": 0.16, "n_ngrams_match_2": 0.006, "n_ngrams_match_3": 0.0, "num_true_words": 15.47, "num_pred_words": 16.182}