{"token_set_precision": 0.07482327411150952, "token_set_recall": 0.08948832017655553, "token_set_f1": 0.07955800360968748, "token_set_f1_sem": 0.004386881430376219, "n_ngrams_match_1": 0.832, "n_ngrams_match_2": 0.114, "n_ngrams_match_3": 0.028, "num_true_words": 9.846, "num_pred_words": 11.822}