{"token_set_precision": 0.05317058602731974, "token_set_recall": 0.14549289321789333, "token_set_f1": 0.07282356176523284, "token_set_f1_sem": 0.00377918261031787, "n_ngrams_match_1": 0.9, "n_ngrams_match_2": 0.034, "n_ngrams_match_3": 0.004, "num_true_words": 14.376, "num_pred_words": 9.904}