{"token_set_precision": 0.11999754216371904, "token_set_recall": 0.15050701275848372, "token_set_f1": 0.1319662221075019, "token_set_f1_sem": 0.004856664181313746, "n_ngrams_match_1": 1.584, "n_ngrams_match_2": 0.316, "n_ngrams_match_3": 0.114, "num_true_words": 12.698, "num_pred_words": 11.72}