{"token_set_precision": 0.0407007849993144, "token_set_recall": 0.05944611401670223, "token_set_f1": 0.04664390895733659, "token_set_f1_sem": 0.002739339718654511, "n_ngrams_match_1": 0.624, "n_ngrams_match_2": 0.006, "n_ngrams_match_3": 0.0, "num_true_words": 13.482, "num_pred_words": 12.124}