{"token_set_precision": 0.045162162837162775, "token_set_recall": 0.06243282273282269, "token_set_f1": 0.05058631178757, "token_set_f1_sem": 0.0032355421300726446, "n_ngrams_match_1": 0.624, "n_ngrams_match_2": 0.022, "n_ngrams_match_3": 0.0, "num_true_words": 11.858, "num_pred_words": 11.216}