{"token_set_precision": 0.05975493770934944, "token_set_recall": 0.07556267147884799, "token_set_f1": 0.06506759909016403, "token_set_f1_sem": 0.0034432644948574056, "n_ngrams_match_1": 0.786, "n_ngrams_match_2": 0.048, "n_ngrams_match_3": 0.008, "num_true_words": 12.004, "num_pred_words": 12.26}