{"token_set_precision": 0.086617081929079, "token_set_recall": 0.12682879212290998, "token_set_f1": 0.09901439436282375, "token_set_f1_sem": 0.004124321622393659, "n_ngrams_match_1": 1.41, "n_ngrams_match_2": 0.098, "n_ngrams_match_3": 0.01, "num_true_words": 14.658, "num_pred_words": 14.254}