{"token_set_precision": 0.04737392551548896, "token_set_recall": 0.13195922451301723, "token_set_f1": 0.0655297820253775, "token_set_f1_sem": 0.0033670454752185277, "n_ngrams_match_1": 0.88, "n_ngrams_match_2": 0.024, "n_ngrams_match_3": 0.0, "num_true_words": 15.884, "num_pred_words": 11.98}