{"token_set_precision": 0.08296483067156449, "token_set_recall": 0.10417519229136898, "token_set_f1": 0.08938096909489927, "token_set_f1_sem": 0.004436083565109656, "n_ngrams_match_1": 1.17, "n_ngrams_match_2": 0.056, "n_ngrams_match_3": 0.008, "num_true_words": 12.334, "num_pred_words": 13.804}