{"token_set_precision": 0.07866555562189577, "token_set_recall": 0.15875568150459804, "token_set_f1": 0.09851761877634257, "token_set_f1_sem": 0.005237696582396816, "n_ngrams_match_1": 1.398, "n_ngrams_match_2": 0.196, "n_ngrams_match_3": 0.068, "num_true_words": 15.214, "num_pred_words": 14.566}