{"token_set_precision": 0.02933652866741099, "token_set_recall": 0.03739960574341375, "token_set_f1": 0.03205932031805593, "token_set_f1_sem": 0.002426609497173108, "n_ngrams_match_1": 0.448, "n_ngrams_match_2": 0.01, "n_ngrams_match_3": 0.0, "num_true_words": 13.484, "num_pred_words": 13.656}