{"token_set_precision": 0.02613501632526398, "token_set_recall": 0.03852834856921543, "token_set_f1": 0.02911891394477061, "token_set_f1_sem": 0.0023995828605352706, "n_ngrams_match_1": 0.398, "n_ngrams_match_2": 0.02, "n_ngrams_match_3": 0.002, "num_true_words": 13.484, "num_pred_words": 14.582}