{"token_set_precision": 0.021932325474662916, "token_set_recall": 0.03464330636683575, "token_set_f1": 0.025485791949780626, "token_set_f1_sem": 0.0021608514935796625, "n_ngrams_match_1": 0.334, "n_ngrams_match_2": 0.012, "n_ngrams_match_3": 0.0, "num_true_words": 13.484, "num_pred_words": 13.728}