{"token_set_precision": 0.07388603483719597, "token_set_recall": 0.08860808048161002, "token_set_f1": 0.07823423388845745, "token_set_f1_sem": 0.0036310851818031177, "n_ngrams_match_1": 0.912, "n_ngrams_match_2": 0.03, "n_ngrams_match_3": 0.002, "num_true_words": 11.074, "num_pred_words": 13.202}