{"token_set_precision": 0.025668181818181816, "token_set_recall": 0.013989987789987786, "token_set_f1": 0.016181761541729237, "token_set_f1_sem": 0.0023353853480891015, "n_ngrams_match_1": 0.138, "n_ngrams_match_2": 0.006, "n_ngrams_match_3": 0.0, "num_true_words": 2.93, "num_pred_words": 12.578}