{"token_set_precision": 0.05971433533786473, "token_set_recall": 0.1733799422799424, "token_set_f1": 0.08185210661296939, "token_set_f1_sem": 0.004239994247662643, "n_ngrams_match_1": 0.702, "n_ngrams_match_2": 0.026, "n_ngrams_match_3": 0.002, "num_true_words": 11.07, "num_pred_words": 9.924}