{"token_set_precision": 0.06536130813630812, "token_set_recall": 0.08045505605505619, "token_set_f1": 0.07122178257328285, "token_set_f1_sem": 0.0037188889332045276, "n_ngrams_match_1": 0.902, "n_ngrams_match_2": 0.02, "n_ngrams_match_3": 0.0, "num_true_words": 11.858, "num_pred_words": 11.17}