{"token_set_precision": 0.025664499999484496, "token_set_recall": 0.04869560684413624, "token_set_f1": 0.03179126045288462, "token_set_f1_sem": 0.002683750811703281, "n_ngrams_match_1": 0.39, "n_ngrams_match_2": 0.018, "n_ngrams_match_3": 0.0, "num_true_words": 13.484, "num_pred_words": 11.816}