{"token_set_precision": 0.06091355637826221, "token_set_recall": 0.23949624819624843, "token_set_f1": 0.08988193254470411, "token_set_f1_sem": 0.004108803013072848, "n_ngrams_match_1": 0.796, "n_ngrams_match_2": 0.042, "n_ngrams_match_3": 0.002, "num_true_words": 12.698, "num_pred_words": 10.734}