{"token_set_precision": 0.03610849958435095, "token_set_recall": 0.09301971239115209, "token_set_f1": 0.04826143722472704, "token_set_f1_sem": 0.0035132925622914793, "n_ngrams_match_1": 0.578, "n_ngrams_match_2": 0.034, "n_ngrams_match_3": 0.002, "num_true_words": 13.258, "num_pred_words": 10.452}