{"token_set_precision": 0.08422764588352843, "token_set_recall": 0.09765929364752929, "token_set_f1": 0.08910140651305488, "token_set_f1_sem": 0.0036769620923233965, "n_ngrams_match_1": 1.158, "n_ngrams_match_2": 0.06, "n_ngrams_match_3": 0.008, "num_true_words": 13.352, "num_pred_words": 12.952}