{"token_set_precision": 0.07514386985563458, "token_set_recall": 0.08875980375833337, "token_set_f1": 0.08014926230071183, "token_set_f1_sem": 0.0037448076549412177, "n_ngrams_match_1": 0.998, "n_ngrams_match_2": 0.066, "n_ngrams_match_3": 0.018, "num_true_words": 12.004, "num_pred_words": 11.714}