{"token_set_precision": 0.09676948944588298, "token_set_recall": 0.09827895682748648, "token_set_f1": 0.09643406701921554, "token_set_f1_sem": 0.004142166880488429, "n_ngrams_match_1": 1.198, "n_ngrams_match_2": 0.108, "n_ngrams_match_3": 0.018, "num_true_words": 11.074, "num_pred_words": 12.896}