{"token_set_precision": 0.07799960031368709, "token_set_recall": 0.13046232656232667, "token_set_f1": 0.09459850338994785, "token_set_f1_sem": 0.00477365778499419, "n_ngrams_match_1": 1.13, "n_ngrams_match_2": 0.072, "n_ngrams_match_3": 0.016, "num_true_words": 12.334, "num_pred_words": 9.58}