{"token_set_precision": 0.02452276661247247, "token_set_recall": 0.04024859862359863, "token_set_f1": 0.02893727102080433, "token_set_f1_sem": 0.0023041877142530023, "n_ngrams_match_1": 0.38, "n_ngrams_match_2": 0.016, "n_ngrams_match_3": 0.002, "num_true_words": 13.484, "num_pred_words": 10.814}