lang,mse,mae
eng_Latn,0.007951927058823525,0.06933529411764704
deu_Latn,0.03272293205882354,0.0736558823529412
cmn_Hani,0.017905237058823482,0.06042941176470588
tur_Latn,0.0014430494117647066,0.018364705882352943
kaz_Cyrl,0.004284170882352942,0.016108823529411766
hun_Latn,7.838235294117647e-07,0.00024411764705882348
fin_Latn,0.0006229694117647055,0.007211764705882351
heb_Hebr,0.0006310902941176475,0.011785294117647064
arb_Arab,0.003621431470588237,0.017373529411764708
mon_Cyrl,0.004556518823529405,0.021482352941176463
hin_Deva,2.8823529411764718e-08,4.11764705882353e-05
other,0.05480695411764704,0.17889411764705887
avg,0.010712257769607839,0.039577205882352945
