{"token_set_precision": 0.04459402547057344, "token_set_recall": 0.1173486610998223, "token_set_f1": 0.06016533304609907, "token_set_f1_sem": 0.003385812265619691, "n_ngrams_match_1": 0.818, "n_ngrams_match_2": 0.038, "n_ngrams_match_3": 0.0, "num_true_words": 15.884, "num_pred_words": 11.898}