{"token_set_precision": 0.08131398880617148, "token_set_recall": 0.16889920373743925, "token_set_f1": 0.10609517394616873, "token_set_f1_sem": 0.004606699287975505, "n_ngrams_match_1": 1.154, "n_ngrams_match_2": 0.134, "n_ngrams_match_3": 0.066, "num_true_words": 12.482, "num_pred_words": 9.648}