{"token_set_precision": 0.08575273332618552, "token_set_recall": 0.12208567935332677, "token_set_f1": 0.09630325716600262, "token_set_f1_sem": 0.0038474075230311325, "n_ngrams_match_1": 1.398, "n_ngrams_match_2": 0.058, "n_ngrams_match_3": 0.01, "num_true_words": 14.376, "num_pred_words": 13.446}