{"token_set_precision": 0.10318393436628757, "token_set_recall": 0.11637822814440484, "token_set_f1": 0.10768574785279313, "token_set_f1_sem": 0.004555038208887248, "n_ngrams_match_1": 1.22, "n_ngrams_match_2": 0.104, "n_ngrams_match_3": 0.018, "num_true_words": 11.07, "num_pred_words": 12.134}