{"token_set_precision": 0.052165501526337414, "token_set_recall": 0.0722846101181241, "token_set_f1": 0.05872506977202447, "token_set_f1_sem": 0.0029998750424004078, "n_ngrams_match_1": 0.846, "n_ngrams_match_2": 0.018, "n_ngrams_match_3": 0.004, "num_true_words": 13.944, "num_pred_words": 14.184}