{"token_set_precision": 0.018166356433384285, "token_set_recall": 0.0704838023088023, "token_set_f1": 0.026453999072480826, "token_set_f1_sem": 0.0029662446397871866, "n_ngrams_match_1": 0.292, "n_ngrams_match_2": 0.024, "n_ngrams_match_3": 0.004, "num_true_words": 13.578, "num_pred_words": 14.516}