{"token_set_precision": 0.06893138009221604, "token_set_recall": 0.07787142644936781, "token_set_f1": 0.07217929670506007, "token_set_f1_sem": 0.002923113754183985, "n_ngrams_match_1": 1.16, "n_ngrams_match_2": 0.02, "n_ngrams_match_3": 0.002, "num_true_words": 13.944, "num_pred_words": 14.944}