,deu_Latn,mlt_Latn,tur_Latn,hun_Latn,fin_Latn,kaz_Cyrl,mhr_Cyrl,mon_Cyrl,ydd_Hebr,heb_Hebr,arb_Arab,urd_Arab,hin_Deva,guj_Gujr,pan_Guru,sin_Sinh,cmn_Hani,jpn_Jpan,kor_Hang,amh_Ethi
mt5_alephbert_heb_Hebr_32_corrector,0.05174572289088017,0.006794478912485234,0.008004282809199473,0.016224229773177234,0.003674689447901862,0.006038986013986013,0.001,0.0006901535682023487,0.004881843646549529,0.02462669172932331,0.00016666666666666666,0.00038095238095238096,0.01307832753682372,0.004654370288857318,0.0038859416662048243,0.014860678881276726,0.0005989304812834224,0.00039629629629629634,0.002787440096135748,0.004815305282952341
mt5_gtr_deu_Latn_32_corrector,0.38550183968658774,0.03718958384577174,0.03322182306454254,0.04255817838382908,0.015350354758683658,0.01673722351660096,0.02820672374282213,0.02482306049557749,0.02780706696025042,0.013045686408534703,0.012612273974735277,0.02663044245029899,0.0651650657698373,0.029670960923196536,0.026037551159785295,0.05827353852131842,0.01919367228868507,0.02559786305168185,0.03226157248697838,0.04665788675250679
mt5_text2vec_cmn_Hani_32_corrector,0.0017517055839371709,0.006916193251657119,0.006253050122076168,0.011100424268934378,0.0032001738729390606,0.025335783913026922,0.019526012486631175,0.020754765510105393,0.020499613847500174,0.004001139706974947,0.00892083817986014,0.021873732453644122,0.019946525902713928,0.01614439381978032,0.0169405294851721,0.016600758202066253,0.0704232323232323,0.03641843381077127,0.02074324840654428,0.027418697982481456
