{"yiyic/mt5_text2vec_cmn_Hani_32_corrector": {"deu_Latn": {"Step1": 0.6912457942962646, "Step50_sbeam8": 0.7342196702957153}, "ydd_Hebr": {"Step1": 0.6520296931266785, "Step50_sbeam8": 0.7532069683074951}, "heb_Hebr": {"Step1": 0.7210171222686768, "Step50_sbeam8": 0.7323696613311768}, "arb_Arab": {"Step1": 0.7300222516059875, "Step50_sbeam8": 0.7400095462799072}, "amh_Ethi": {"Step1": 0.758806586265564, "Step50_sbeam8": 0.7636764645576477}, "mlt_Latn": {"Step1": 0.6932644844055176, "Step50_sbeam8": 0.6825422048568726}, "hin_Deva": {"Step1": 0.7314922213554382, "Step50_sbeam8": 0.7657396793365479}, "urd_Arab": {"Step1": 0.7241194248199463, "Step50_sbeam8": 0.7387039065361023}, "guj_Gujr": {"Step1": 0.7370869517326355, "Step50_sbeam8": 0.7528703212738037}, "sin_Sinh": {"Step1": 0.7057911157608032, "Step50_sbeam8": 0.7239105701446533}, "pan_Guru": {"Step1": 0.7345023155212402, "Step50_sbeam8": 0.7553125023841858}, "tur_Latn": {"Step1": 0.6074132919311523, "Step50_sbeam8": 0.6345329284667969}, "kaz_Cyrl": {"Step1": 0.6772552132606506, "Step50_sbeam8": 0.7085402011871338}, "cmn_Hani": {"Step1": 0.8547984957695007, "Step50_sbeam8": 0.8576104640960693}, "jpn_Jpan": {"Step1": 0.7729384899139404, "Step50_sbeam8": 0.7894496917724609}, "kor_Hang": {"Step1": 0.6830919981002808, "Step50_sbeam8": 0.7694910764694214}, "mon_Cyrl": {"Step1": 0.6555038690567017, "Step50_sbeam8": 0.6562309265136719}, "hun_Latn": {"Step1": 0.6362704634666443, "Step50_sbeam8": 0.6566790342330933}, "mhr_Cyrl": {"Step1": 0.7605811357498169, "Step50_sbeam8": 0.7488971948623657}, "fin_Latn": {"Step1": 0.6635456085205078, "Step50_sbeam8": 0.649037778377533}}, "yiyic/mt5_gtr_deu_Latn_32_corrector": {"deu_Latn": {"Step1": 0.9082691073417664, "Step50_sbeam8": 0.971848726272583}, "ydd_Hebr": {"Step1": 0.42197489738464355, "Step50_sbeam8": 0.5459351539611816}, "heb_Hebr": {"Step1": 0.5122671127319336, "Step50_sbeam8": 0.954586386680603}, "arb_Arab": {"Step1": 0.6209293603897095, "Step50_sbeam8": 0.9947637915611267}, "amh_Ethi": {"Step1": 0.7154271006584167, "Step50_sbeam8": 0.7755662202835083}, "mlt_Latn": {"Step1": 0.4561266303062439, "Step50_sbeam8": 0.3914683759212494}, "hin_Deva": {"Step1": 0.49974215030670166, "Step50_sbeam8": 0.5302109122276306}, "urd_Arab": {"Step1": 0.5261415243148804, "Step50_sbeam8": 0.9959036111831665}, "guj_Gujr": {"Step1": 0.5701545476913452, "Step50_sbeam8": 0.6720007658004761}, "sin_Sinh": {"Step1": 0.6623803377151489, "Step50_sbeam8": 0.7585915923118591}, "pan_Guru": {"Step1": 0.4857969582080841, "Step50_sbeam8": 0.6483421325683594}, "tur_Latn": {"Step1": 0.6105236411094666, "Step50_sbeam8": 0.6778723001480103}, "kaz_Cyrl": {"Step1": 0.562464714050293, "Step50_sbeam8": 0.5437872409820557}, "cmn_Hani": {"Step1": 0.2347506433725357, "Step50_sbeam8": 0.36548811197280884}, "jpn_Jpan": {"Step1": 0.2927648425102234, "Step50_sbeam8": 0.21943587064743042}, "kor_Hang": {"Step1": 0.686809778213501, "Step50_sbeam8": 0.6970932483673096}, "mon_Cyrl": {"Step1": 0.43504390120506287, "Step50_sbeam8": 0.5204485654830933}, "hun_Latn": {"Step1": 0.4553329348564148, "Step50_sbeam8": 0.49261364340782166}, "mhr_Cyrl": {"Step1": 0.5361301898956299, "Step50_sbeam8": 0.3073510527610779}, "fin_Latn": {"Step1": 0.4653812646865845, "Step50_sbeam8": 0.36333271861076355}}, "yiyic/mt5_alephbert_heb_Hebr_32_corrector": {"deu_Latn": {"Step1": 0.7287217378616333, "Step50_sbeam8": 0.7574714422225952}, "ydd_Hebr": {"Step1": 0.47317442297935486, "Step50_sbeam8": 0.4763526916503906}, "heb_Hebr": {"Step1": 0.8773176670074463, "Step50_sbeam8": 0.9017850756645203}, "arb_Arab": {"Step1": 0.6653864979743958, "Step50_sbeam8": 0.5921531319618225}, "amh_Ethi": {"Step1": 0.2874423861503601, "Step50_sbeam8": 0.2635209858417511}, "mlt_Latn": {"Step1": 0.44113340973854065, "Step50_sbeam8": 0.424919992685318}, "hin_Deva": {"Step1": 0.3471131920814514, "Step50_sbeam8": 0.4050508737564087}, "urd_Arab": {"Step1": 0.40247103571891785, "Step50_sbeam8": 0.4245583117008209}, "guj_Gujr": {"Step1": 0.31752848625183105, "Step50_sbeam8": 0.18828590214252472}, "sin_Sinh": {"Step1": 0.4558616280555725, "Step50_sbeam8": 0.22887033224105835}, "pan_Guru": {"Step1": 0.3694695234298706, "Step50_sbeam8": 0.31635746359825134}, "tur_Latn": {"Step1": 0.29657208919525146, "Step50_sbeam8": 0.4082043170928955}, "kaz_Cyrl": {"Step1": 0.5963650345802307, "Step50_sbeam8": 0.6019743084907532}, "cmn_Hani": {"Step1": 0.22424089908599854, "Step50_sbeam8": 0.2129160463809967}, "jpn_Jpan": {"Step1": 0.5014901161193848, "Step50_sbeam8": 0.5459016561508179}, "kor_Hang": {"Step1": 0.36526748538017273, "Step50_sbeam8": 0.3267330825328827}, "mon_Cyrl": {"Step1": 0.37337762117385864, "Step50_sbeam8": 0.4594576060771942}, "hun_Latn": {"Step1": 0.36098790168762207, "Step50_sbeam8": 0.3571273684501648}, "mhr_Cyrl": {"Step1": 0.47136855125427246, "Step50_sbeam8": 0.5291924476623535}, "fin_Latn": {"Step1": 0.4267268776893616}}, "yiyic/mt5_alephbert_heb_Hebr_32_inverter": {"deu_Latn": {"Base": 0.6855134963989258}, "ydd_Hebr": {"Base": 0.47382795810699463}, "heb_Hebr": {"Base": 0.8601236343383789}, "arb_Arab": {"Base": 0.7674503326416016}, "amh_Ethi": {"Base": 0.32028234004974365}, "mlt_Latn": {"Base": 0.5443857908248901}, "hin_Deva": {"Base": 0.35920649766921997}, "urd_Arab": {"Base": 0.44035738706588745}, "guj_Gujr": {"Base": 0.39708203077316284}, "sin_Sinh": {"Base": 0.4087628722190857}, "pan_Guru": {"Base": 0.3191417455673218}, "tur_Latn": {"Base": 0.43826788663864136}, "kaz_Cyrl": {"Base": 0.5740879774093628}, "cmn_Hani": {"Base": 0.2882682681083679}, "jpn_Jpan": {"Base": 0.48497113585472107}, "kor_Hang": {"Base": 0.383232980966568}, "mon_Cyrl": {"Base": 0.5338140726089478}, "hun_Latn": {"Base": 0.49055397510528564}, "mhr_Cyrl": {"Base": 0.7084029912948608}, "fin_Latn": {"Base": 0.408765971660614}}, "yiyic/mt5_gtr_deu_Latn_32_inverter": {"deu_Latn": {"Base": 0.7984641194343567}, "ydd_Hebr": {"Base": 0.5150558948516846}, "heb_Hebr": {"Base": 0.5599790215492249}, "arb_Arab": {"Base": 0.6001619696617126}, "amh_Ethi": {"Base": 0.5288528203964233}, "mlt_Latn": {"Base": 0.5099847316741943}, "hin_Deva": {"Base": 0.5757045745849609}, "urd_Arab": {"Base": 0.6007211208343506}, "guj_Gujr": {"Base": 0.5713065266609192}, "sin_Sinh": {"Base": 0.4966551661491394}, "pan_Guru": {"Base": 0.5692157745361328}, "tur_Latn": {"Base": 0.4832264184951782}, "kaz_Cyrl": {"Base": 0.6095255613327026}, "cmn_Hani": {"Base": 0.27859818935394287}, "jpn_Jpan": {"Base": 0.40547558665275574}, "kor_Hang": {"Base": 0.5775758624076843}, "mon_Cyrl": {"Base": 0.524748682975769}, "hun_Latn": {"Base": 0.5496070981025696}, "mhr_Cyrl": {"Base": 0.6098600625991821}, "fin_Latn": {"Base": 0.5197442770004272}}, "yiyic/mt5_text2vec_cmn_Hani_32_inverter": {"deu_Latn": {"Base": 0.7019797563552856}, "ydd_Hebr": {"Base": 0.7221182584762573}, "heb_Hebr": {"Base": 0.7050711512565613}, "arb_Arab": {"Base": 0.7030978798866272}, "amh_Ethi": {"Base": 0.7194631695747375}, "mlt_Latn": {"Base": 0.7261151075363159}, "hin_Deva": {"Base": 0.6984260082244873}, "urd_Arab": {"Base": 0.694671630859375}, "guj_Gujr": {"Base": 0.7248321175575256}, "sin_Sinh": {"Base": 0.7103536128997803}, "pan_Guru": {"Base": 0.7091068029403687}, "tur_Latn": {"Base": 0.6276907324790955}, "kaz_Cyrl": {"Base": 0.736625611782074}, "cmn_Hani": {"Base": 0.8723305463790894}, "jpn_Jpan": {"Base": 0.7752203941345215}, "kor_Hang": {"Base": 0.7164779901504517}, "mon_Cyrl": {"Base": 0.7113081812858582}, "hun_Latn": {"Base": 0.7246185541152954}, "mhr_Cyrl": {"Base": 0.7425434589385986}, "fin_Latn": {"Base": 0.6847875714302063}}}