,deu_Latn,mlt_Latn,tur_Latn,hun_Latn,fin_Latn,kaz_Cyrl,mhr_Cyrl,mon_Cyrl,ydd_Hebr,heb_Hebr,arb_Arab,urd_Arab,hin_Deva,guj_Gujr,pan_Guru,sin_Sinh,cmn_Hani,jpn_Jpan,kor_Hang,amh_Ethi
mt5_alephbert_heb_Hebr_32_inverter,0.6855134963989258,0.5443857908248901,0.43826788663864136,0.49055397510528564,0.408765971660614,0.5740879774093628,0.7084029912948608,0.5338140726089478,0.47382795810699463,0.8601236343383789,0.7674503326416016,0.44035738706588745,0.35920649766921997,0.39708203077316284,0.3191417455673218,0.4087628722190857,0.2882682681083679,0.48497113585472107,0.383232980966568,0.32028234004974365
mt5_gtr_deu_Latn_32_inverter,0.7984641194343567,0.5099847316741943,0.4832264184951782,0.5496070981025696,0.5197442770004272,0.6095255613327026,0.6098600625991821,0.524748682975769,0.5150558948516846,0.5599790215492249,0.6001619696617126,0.6007211208343506,0.5757045745849609,0.5713065266609192,0.5692157745361328,0.4966551661491394,0.27859818935394287,0.40547558665275574,0.5775758624076843,0.5288528203964233
mt5_text2vec_cmn_Hani_32_inverter,0.7019797563552856,0.7261151075363159,0.6276907324790955,0.7246185541152954,0.6847875714302063,0.736625611782074,0.7425434589385986,0.7113081812858582,0.7221182584762573,0.7050711512565613,0.7030978798866272,0.694671630859375,0.6984260082244873,0.7248321175575256,0.7091068029403687,0.7103536128997803,0.8723305463790894,0.7752203941345215,0.7164779901504517,0.7194631695747375
