,deu_Latn,mlt_Latn,tur_Latn,hun_Latn,fin_Latn,kaz_Cyrl,mhr_Cyrl,mon_Cyrl,ydd_Hebr,heb_Hebr,arb_Arab,urd_Arab,hin_Deva,guj_Gujr,pan_Guru,sin_Sinh,cmn_Hani,jpn_Jpan,kor_Hang,amh_Ethi
alephbert_heb_Hebr_inverter,0.05861966477384609,0.009637274141849842,0.011055484272251037,0.017438745051023753,0.004362881392286286,0.003435049917402859,0.0011870967741935484,0.0031997427859496827,0.004189436370081531,0.027938635049161362,0.00016666666666666666,0.0005517241379310345,0.01558470705938801,0.0047364678031006635,0.00803005698005698,0.014643877082578628,0.0012478254459678609,0.0006372688477951636,0.003542886232541405,0.006196564050162855
gtr_deu_Latn_inverter,0.3819129270659586,0.035971714392092624,0.03776821235594445,0.04397177103658728,0.013760597056703298,0.012621963167844176,0.018922935162980926,0.015776003603801603,0.022375941150402163,0.008609165206250952,0.007452505927738124,0.02821882885839374,0.05947880292735759,0.023321842569942845,0.02499894953659142,0.05552960212855057,0.02277900004058407,0.0324080709283903,0.027921714952417364,0.03925243718171109
text2vec_cmn_Hani_inverter,0.00229174974298314,0.008472508248080084,0.007470359122728748,0.011838147120132453,0.004314493326879638,0.042796557402094246,0.03326836865996208,0.033110903425928984,0.027308330649436108,0.008283228518987032,0.015220135285630074,0.03255489652762097,0.028283731746080294,0.022797897559956377,0.026022959649569556,0.027179748267032587,0.06817048302574619,0.03783488712869517,0.03368311886996745,0.027105297110695543
