,deu_Latn,mlt_Latn,tur_Latn,hun_Latn,fin_Latn,kaz_Cyrl,mhr_Cyrl,mon_Cyrl,ydd_Hebr,heb_Hebr,arb_Arab,urd_Arab,hin_Deva,guj_Gujr,pan_Guru,sin_Sinh,cmn_Hani,jpn_Jpan,kor_Hang,amh_Ethi
mt5_alephbert_heb_Hebr_32_inverter,1.7621793315693712,1.1606774179173929,0.7556482594948631,1.2722593800422393,0.4591531874187433,1.2665401665180966,1.5905233989795733,0.9906890677210463,1.6298548881461696,8.991298999962765,0.7870856485964,0.3491734564548886,0.49170312280524825,0.8751401373258152,0.6980940885090008,1.6838095008209844,0.5751796601374943,0.19794114129673301,0.39869156996436744,0.7765300893699985
mt5_gtr_deu_Latn_32_inverter,15.071793714432877,1.1239593813200002,1.1511327979739407,1.426654809992181,0.9444212678254973,0.7134089099108619,0.6629576475358341,0.5308384765731362,1.0545555078457667,0.24773704595608284,0.23151955183554135,0.9376977780983241,1.2212988260265416,0.5860045116140613,0.8480265574223338,1.3072052495171298,1.7814116895406864,0.4005670024768399,0.775445294682052,0.9657286704145301
mt5_text2vec_cmn_Hani_32_inverter,1.0391488537896103,0.6695413998275137,0.6395699893424379,1.0577053118065163,0.6242609689020269,0.7900342380741744,0.8066123017519804,0.8473375180366169,0.8283747180176169,0.8282003294179221,0.3776629782822107,0.4625803814961594,0.8168695730744272,0.9108510020088643,0.7530458343434158,0.8240839905178932,6.529610040343164,0.6743902764430854,1.079843058439105,0.5597836693467632
