,deu_Latn,mlt_Latn,tur_Latn,hun_Latn,fin_Latn,kaz_Cyrl,mhr_Cyrl,mon_Cyrl,ydd_Hebr,heb_Hebr,arb_Arab,urd_Arab,hin_Deva,guj_Gujr,pan_Guru,sin_Sinh,cmn_Hani,jpn_Jpan,kor_Hang,amh_Ethi
alephbert_heb_Hebr_corrector,1.2434868447930876,0.440804277240994,0.4315844518326829,0.5341384314893847,0.19282111956721243,0.6714934688228329,1.0259099236550346,0.642137633026386,1.3007678754976297,10.560047139346295,0.24800064072167272,0.05890379547947,0.38911116230746434,0.30741983393169175,0.2627743608608489,0.5814071687792904,0.24967853194783365,0.06890665659527738,0.24677898498297499,0.3745284489785784
gtr_deu_Latn_corrector,15.541436196662278,0.9538266660893702,0.9997040907595662,1.3235566818614333,1.1348124093002698,0.5453736873110165,0.8470055837034691,0.6490275753067228,0.5033611750294281,0.2333459950738186,0.2914534687501683,0.5164274923104208,1.1376341832205745,0.5600432566650089,0.411907155844976,0.9625570459108799,0.3799459606361055,0.4194180840555577,0.5661612083813635,0.8418452703976782
text2vec_cmn_Hani_corrector,0.9256452288341604,0.34550587335211835,0.3888716751925159,0.707035789120742,0.5027730440827941,0.41381562164580804,0.22804354206312732,0.4562904877983468,0.43783185498868754,0.11222031186892455,0.0988600112369266,0.2513704373175293,0.40746336873767874,0.23091055631074694,0.2896214451457489,0.5804506956831286,6.011373346680869,0.308537423931548,0.40651217621542945,0.319882248687493
