,deu_Latn,mlt_Latn,tur_Latn,hun_Latn,fin_Latn,kaz_Cyrl,mhr_Cyrl,mon_Cyrl,ydd_Hebr,heb_Hebr,arb_Arab,urd_Arab,hin_Deva,guj_Gujr,pan_Guru,sin_Sinh,cmn_Hani,jpn_Jpan,kor_Hang,amh_Ethi
alephbert_heb_Hebr_corrector,0.7287217378616333,0.44113340973854065,0.29657208919525146,0.36098790168762207,0.4267268776893616,0.5963650345802307,0.47136855125427246,0.37337762117385864,0.47317442297935486,0.8773176670074463,0.6653864979743958,0.40247103571891785,0.3471131920814514,0.31752848625183105,0.3694695234298706,0.4558616280555725,0.22424089908599854,0.5014901161193848,0.36526748538017273,0.2874423861503601
gtr_deu_Latn_corrector,0.9082691073417664,0.4561266303062439,0.6105236411094666,0.4553329348564148,0.4653812646865845,0.562464714050293,0.5361301898956299,0.43504390120506287,0.42197489738464355,0.5122671127319336,0.6209293603897095,0.5261415243148804,0.49974215030670166,0.5701545476913452,0.4857969582080841,0.6623803377151489,0.2347506433725357,0.2927648425102234,0.686809778213501,0.7154271006584167
text2vec_cmn_Hani_corrector,0.6912457942962646,0.6932644844055176,0.6074132919311523,0.6362704634666443,0.6635456085205078,0.6772552132606506,0.7605811357498169,0.6555038690567017,0.6520296931266785,0.7210171222686768,0.7300222516059875,0.7241194248199463,0.7314922213554382,0.7370869517326355,0.7345023155212402,0.7057911157608032,0.8547984957695007,0.7729384899139404,0.6830919981002808,0.758806586265564
