{"yiyic/mt5_text2vec_cmn_Hani_32_corrector": {"deu_Latn": {"Step1": 1.1263100533352348, "Step50_sbeam8": 0.9256452288341604}, "ydd_Hebr": {"Step1": 0.5903034410592047, "Step50_sbeam8": 0.43783185498868754}, "heb_Hebr": {"Step1": 0.1888816099162882, "Step50_sbeam8": 0.11222031186892455}, "arb_Arab": {"Step1": 0.1061268291018576, "Step50_sbeam8": 0.0988600112369266}, "amh_Ethi": {"Step1": 0.37458277583561117, "Step50_sbeam8": 0.319882248687493}, "mlt_Latn": {"Step1": 0.43216257713390643, "Step50_sbeam8": 0.34550587335211835}, "hin_Deva": {"Step1": 0.46230120488597076, "Step50_sbeam8": 0.40746336873767874}, "urd_Arab": {"Step1": 0.37338592875571525, "Step50_sbeam8": 0.2513704373175293}, "guj_Gujr": {"Step1": 0.45517941127168854, "Step50_sbeam8": 0.23091055631074694}, "sin_Sinh": {"Step1": 0.6164454436688197, "Step50_sbeam8": 0.5804506956831286}, "pan_Guru": {"Step1": 0.38170292941838385, "Step50_sbeam8": 0.2896214451457489}, "tur_Latn": {"Step1": 0.4510747851725146, "Step50_sbeam8": 0.3888716751925159}, "kaz_Cyrl": {"Step1": 0.518423427801559, "Step50_sbeam8": 0.41381562164580804}, "cmn_Hani": {"Step1": 6.1864689666076105, "Step50_sbeam8": 6.011373346680869}, "jpn_Jpan": {"Step1": 0.4271197653751494, "Step50_sbeam8": 0.308537423931548}, "kor_Hang": {"Step1": 0.5507211129400807, "Step50_sbeam8": 0.40651217621542945}, "mon_Cyrl": {"Step1": 0.5118931048274574, "Step50_sbeam8": 0.4562904877983468}, "hun_Latn": {"Step1": 0.7514416639724905, "Step50_sbeam8": 0.707035789120742}, "mhr_Cyrl": {"Step1": 0.3447273763024566, "Step50_sbeam8": 0.22804354206312732}, "fin_Latn": {"Step1": 0.5415117174805641, "Step50_sbeam8": 0.5027730440827941}}, "yiyic/mt5_gtr_deu_Latn_32_corrector": {"deu_Latn": {"Step1": 14.522310121243004, "Step50_sbeam8": 15.541436196662278}, "ydd_Hebr": {"Step1": 0.9098852704287111, "Step50_sbeam8": 0.5033611750294281}, "heb_Hebr": {"Step1": 0.7357956006702395, "Step50_sbeam8": 0.2333459950738186}, "arb_Arab": {"Step1": 0.7413119861100422, "Step50_sbeam8": 0.2914534687501683}, "amh_Ethi": {"Step1": 1.1735914649491057, "Step50_sbeam8": 0.8418452703976782}, "mlt_Latn": {"Step1": 1.0305691671350392, "Step50_sbeam8": 0.9538266660893702}, "hin_Deva": {"Step1": 1.2718840082904384, "Step50_sbeam8": 1.1376341832205745}, "urd_Arab": {"Step1": 0.8332403030635968, "Step50_sbeam8": 0.5164274923104208}, "guj_Gujr": {"Step1": 0.8782470365672062, "Step50_sbeam8": 0.5600432566650089}, "sin_Sinh": {"Step1": 1.7040104872389397, "Step50_sbeam8": 0.9625570459108799}, "pan_Guru": {"Step1": 0.680491457226926, "Step50_sbeam8": 0.411907155844976}, "tur_Latn": {"Step1": 1.0141541403253824, "Step50_sbeam8": 0.9997040907595662}, "kaz_Cyrl": {"Step1": 0.6106343853001013, "Step50_sbeam8": 0.5453736873110165}, "cmn_Hani": {"Step1": 1.508911719818012, "Step50_sbeam8": 0.3799459606361055}, "jpn_Jpan": {"Step1": 0.416526342338074, "Step50_sbeam8": 0.4194180840555577}, "kor_Hang": {"Step1": 1.0415773781473308, "Step50_sbeam8": 0.5661612083813635}, "mon_Cyrl": {"Step1": 0.8030502288801746, "Step50_sbeam8": 0.6490275753067228}, "hun_Latn": {"Step1": 1.3866101133351398, "Step50_sbeam8": 1.3235566818614333}, "mhr_Cyrl": {"Step1": 0.8118488304210295, "Step50_sbeam8": 0.8470055837034691}, "fin_Latn": {"Step1": 1.168301250994875, "Step50_sbeam8": 1.1348124093002698}}, "yiyic/mt5_alephbert_heb_Hebr_32_corrector": {"deu_Latn": {"Step1": 1.6809734609452753, "Step50_sbeam8": 1.2434868447930876}, "ydd_Hebr": {"Step1": 1.490041228859656, "Step50_sbeam8": 1.3007678754976297}, "heb_Hebr": {"Step1": 9.947563795062305, "Step50_sbeam8": 10.560047139346295}, "arb_Arab": {"Step1": 0.43554989982758324, "Step50_sbeam8": 0.24800064072167272}, "amh_Ethi": {"Step1": 0.5590840092746641, "Step50_sbeam8": 0.3745284489785784}, "mlt_Latn": {"Step1": 0.5877921567250364, "Step50_sbeam8": 0.440804277240994}, "hin_Deva": {"Step1": 0.41952670900656075, "Step50_sbeam8": 0.38911116230746434}, "urd_Arab": {"Step1": 0.05753662978713617, "Step50_sbeam8": 0.05890379547947}, "guj_Gujr": {"Step1": 0.5586240734109379, "Step50_sbeam8": 0.30741983393169175}, "sin_Sinh": {"Step1": 1.0649898871619476, "Step50_sbeam8": 0.5814071687792904}, "pan_Guru": {"Step1": 0.5299096793484, "Step50_sbeam8": 0.2627743608608489}, "tur_Latn": {"Step1": 0.5005865401075303, "Step50_sbeam8": 0.4315844518326829}, "kaz_Cyrl": {"Step1": 0.8514740614140083, "Step50_sbeam8": 0.6714934688228329}, "cmn_Hani": {"Step1": 0.40222011984662553, "Step50_sbeam8": 0.24967853194783365}, "jpn_Jpan": {"Step1": 0.14744233201672557, "Step50_sbeam8": 0.06890665659527738}, "kor_Hang": {"Step1": 0.29048632651547485, "Step50_sbeam8": 0.24677898498297499}, "mon_Cyrl": {"Step1": 0.6971131571005089, "Step50_sbeam8": 0.642137633026386}, "hun_Latn": {"Step1": 0.7166534751056721, "Step50_sbeam8": 0.5341384314893847}, "mhr_Cyrl": {"Step1": 1.1609631537637493, "Step50_sbeam8": 1.0259099236550346}, "fin_Latn": {"Step1": 0.30645610980289323, "Step50_sbeam8": 0.19282111956721243}}, "yiyic/mt5_alephbert_heb_Hebr_32_inverter": {"deu_Latn": {"Base": 1.7621793315693712}, "ydd_Hebr": {"Base": 1.6298548881461696}, "heb_Hebr": {"Base": 8.991298999962765}, "arb_Arab": {"Base": 0.7870856485964}, "amh_Ethi": {"Base": 0.7765300893699985}, "mlt_Latn": {"Base": 1.1606774179173929}, "hin_Deva": {"Base": 0.49170312280524825}, "urd_Arab": {"Base": 0.3491734564548886}, "guj_Gujr": {"Base": 0.8751401373258152}, "sin_Sinh": {"Base": 1.6838095008209844}, "pan_Guru": {"Base": 0.6980940885090008}, "tur_Latn": {"Base": 0.7556482594948631}, "kaz_Cyrl": {"Base": 1.2665401665180966}, "cmn_Hani": {"Base": 0.5751796601374943}, "jpn_Jpan": {"Base": 0.19794114129673301}, "kor_Hang": {"Base": 0.39869156996436744}, "mon_Cyrl": {"Base": 0.9906890677210463}, "hun_Latn": {"Base": 1.2722593800422393}, "mhr_Cyrl": {"Base": 1.5905233989795733}, "fin_Latn": {"Base": 0.4591531874187433}}, "yiyic/mt5_gtr_deu_Latn_32_inverter": {"deu_Latn": {"Base": 15.071793714432877}, "ydd_Hebr": {"Base": 1.0545555078457667}, "heb_Hebr": {"Base": 0.24773704595608284}, "arb_Arab": {"Base": 0.23151955183554135}, "amh_Ethi": {"Base": 0.9657286704145301}, "mlt_Latn": {"Base": 1.1239593813200002}, "hin_Deva": {"Base": 1.2212988260265416}, "urd_Arab": {"Base": 0.9376977780983241}, "guj_Gujr": {"Base": 0.5860045116140613}, "sin_Sinh": {"Base": 1.3072052495171298}, "pan_Guru": {"Base": 0.8480265574223338}, "tur_Latn": {"Base": 1.1511327979739407}, "kaz_Cyrl": {"Base": 0.7134089099108619}, "cmn_Hani": {"Base": 1.7814116895406864}, "jpn_Jpan": {"Base": 0.4005670024768399}, "kor_Hang": {"Base": 0.775445294682052}, "mon_Cyrl": {"Base": 0.5308384765731362}, "hun_Latn": {"Base": 1.426654809992181}, "mhr_Cyrl": {"Base": 0.6629576475358341}, "fin_Latn": {"Base": 0.9444212678254973}}, "yiyic/mt5_text2vec_cmn_Hani_32_inverter": {"deu_Latn": {"Base": 1.0391488537896103}, "ydd_Hebr": {"Base": 0.8283747180176169}, "heb_Hebr": {"Base": 0.8282003294179221}, "arb_Arab": {"Base": 0.3776629782822107}, "amh_Ethi": {"Base": 0.5597836693467632}, "mlt_Latn": {"Base": 0.6695413998275137}, "hin_Deva": {"Base": 0.8168695730744272}, "urd_Arab": {"Base": 0.4625803814961594}, "guj_Gujr": {"Base": 0.9108510020088643}, "sin_Sinh": {"Base": 0.8240839905178932}, "pan_Guru": {"Base": 0.7530458343434158}, "tur_Latn": {"Base": 0.6395699893424379}, "kaz_Cyrl": {"Base": 0.7900342380741744}, "cmn_Hani": {"Base": 6.529610040343164}, "jpn_Jpan": {"Base": 0.6743902764430854}, "kor_Hang": {"Base": 1.079843058439105}, "mon_Cyrl": {"Base": 0.8473375180366169}, "hun_Latn": {"Base": 1.0577053118065163}, "mhr_Cyrl": {"Base": 0.8066123017519804}, "fin_Latn": {"Base": 0.6242609689020269}}}