,deu_Latn,mlt_Latn,tur_Latn,hun_Latn,fin_Latn,kaz_Cyrl,mhr_Cyrl,mon_Cyrl,ydd_Hebr,heb_Hebr,arb_Arab,urd_Arab,hin_Deva,guj_Gujr,pan_Guru,sin_Sinh,cmn_Hani,jpn_Jpan,kor_Hang,amh_Ethi
mt5_alephbert_heb_Hebr_32_corrector,1.6809734609452753,0.5877921567250364,0.5005865401075303,0.7166534751056721,0.30645610980289323,0.8514740614140083,1.1609631537637493,0.6971131571005089,1.490041228859656,9.947563795062305,0.43554989982758324,0.05753662978713617,0.41952670900656075,0.5586240734109379,0.5299096793484,1.0649898871619476,0.40222011984662553,0.14744233201672557,0.29048632651547485,0.5590840092746641
mt5_gtr_deu_Latn_32_corrector,14.522310121243004,1.0305691671350392,1.0141541403253824,1.3866101133351398,1.168301250994875,0.6106343853001013,0.8118488304210295,0.8030502288801746,0.9098852704287111,0.7357956006702395,0.7413119861100422,0.8332403030635968,1.2718840082904384,0.8782470365672062,0.680491457226926,1.7040104872389397,1.508911719818012,0.416526342338074,1.0415773781473308,1.1735914649491057
mt5_text2vec_cmn_Hani_32_corrector,1.1263100533352348,0.43216257713390643,0.4510747851725146,0.7514416639724905,0.5415117174805641,0.518423427801559,0.3447273763024566,0.5118931048274574,0.5903034410592047,0.1888816099162882,0.1061268291018576,0.37338592875571525,0.46230120488597076,0.45517941127168854,0.38170292941838385,0.6164454436688197,6.1864689666076105,0.4271197653751494,0.5507211129400807,0.37458277583561117
