{"yiyic/mt5_text2vec_cmn_Hani_32_corrector": {"deu_Latn": {"Step1": 0.0017517055839371709, "Step50_sbeam8": 0.001454819819728542}, "ydd_Hebr": {"Step1": 0.020499613847500174, "Step50_sbeam8": 0.01213121296551671}, "heb_Hebr": {"Step1": 0.004001139706974947, "Step50_sbeam8": 0.0024853992756469533}, "arb_Arab": {"Step1": 0.00892083817986014, "Step50_sbeam8": 0.005978547000030376}, "amh_Ethi": {"Step1": 0.027418697982481456, "Step50_sbeam8": 0.010462951610292568}, "mlt_Latn": {"Step1": 0.006916193251657119, "Step50_sbeam8": 0.006783746812978714}, "hin_Deva": {"Step1": 0.019946525902713928, "Step50_sbeam8": 0.01980296697319199}, "urd_Arab": {"Step1": 0.021873732453644122, "Step50_sbeam8": 0.016109123092217896}, "guj_Gujr": {"Step1": 0.01614439381978032, "Step50_sbeam8": 0.013053423700482522}, "sin_Sinh": {"Step1": 0.016600758202066253, "Step50_sbeam8": 0.014113942795250845}, "pan_Guru": {"Step1": 0.0169405294851721, "Step50_sbeam8": 0.01117868187715576}, "tur_Latn": {"Step1": 0.006253050122076168, "Step50_sbeam8": 0.006334445057241558}, "kaz_Cyrl": {"Step1": 0.025335783913026922, "Step50_sbeam8": 0.018306870032771358}, "cmn_Hani": {"Step1": 0.0704232323232323, "Step50_sbeam8": 0.07511908744849918}, "jpn_Jpan": {"Step1": 0.03641843381077127, "Step50_sbeam8": 0.037426171858756976}, "kor_Hang": {"Step1": 0.02074324840654428, "Step50_sbeam8": 0.013329494287140004}, "mon_Cyrl": {"Step1": 0.020754765510105393, "Step50_sbeam8": 0.01882387835770233}, "hun_Latn": {"Step1": 0.011100424268934378, "Step50_sbeam8": 0.012257332275497449}, "mhr_Cyrl": {"Step1": 0.019526012486631175, "Step50_sbeam8": 0.014318112812166517}, "fin_Latn": {"Step1": 0.0032001738729390606, "Step50_sbeam8": 0.0019020888954290193}}, "yiyic/mt5_gtr_deu_Latn_32_corrector": {"deu_Latn": {"Step1": 0.38550183968658774, "Step50_sbeam8": 0.4114671584866453}, "ydd_Hebr": {"Step1": 0.02780706696025042, "Step50_sbeam8": 0.04671055926488961}, "heb_Hebr": {"Step1": 0.013045686408534703, "Step50_sbeam8": 0.03146442225645011}, "arb_Arab": {"Step1": 0.012612273974735277, "Step50_sbeam8": 0.03223173150042848}, "amh_Ethi": {"Step1": 0.04665788675250679, "Step50_sbeam8": 0.07108792768551918}, "mlt_Latn": {"Step1": 0.03718958384577174, "Step50_sbeam8": 0.03607292204542624}, "hin_Deva": {"Step1": 0.0651650657698373, "Step50_sbeam8": 0.08545551924763597}, "urd_Arab": {"Step1": 0.02663044245029899, "Step50_sbeam8": 0.049400499210526166}, "guj_Gujr": {"Step1": 0.029670960923196536, "Step50_sbeam8": 0.06020638044117638}, "sin_Sinh": {"Step1": 0.05827353852131842, "Step50_sbeam8": 0.06813163325090893}, "pan_Guru": {"Step1": 0.026037551159785295, "Step50_sbeam8": 0.05084286146107708}, "tur_Latn": {"Step1": 0.03322182306454254, "Step50_sbeam8": 0.035011342506334205}, "kaz_Cyrl": {"Step1": 0.01673722351660096, "Step50_sbeam8": 0.01743419019982909}, "cmn_Hani": {"Step1": 0.01919367228868507, "Step50_sbeam8": 0.019481393653708226}, "jpn_Jpan": {"Step1": 0.02559786305168185, "Step50_sbeam8": 0.035504564260938586}, "kor_Hang": {"Step1": 0.03226157248697838, "Step50_sbeam8": 0.05264499829761506}, "mon_Cyrl": {"Step1": 0.02482306049557749, "Step50_sbeam8": 0.021784415025055168}, "hun_Latn": {"Step1": 0.04255817838382908, "Step50_sbeam8": 0.041112250338492695}, "mhr_Cyrl": {"Step1": 0.02820672374282213, "Step50_sbeam8": 0.028704753393358852}, "fin_Latn": {"Step1": 0.015350354758683658, "Step50_sbeam8": 0.016587945980315003}}, "yiyic/mt5_alephbert_heb_Hebr_32_corrector": {"deu_Latn": {"Step1": 0.05174572289088017, "Step50_sbeam8": 0.03582569097123051}, "ydd_Hebr": {"Step1": 0.004881843646549529, "Step50_sbeam8": 0.007015367965367965}, "heb_Hebr": {"Step1": 0.02462669172932331, "Step50_sbeam8": 0.02979325396825397}, "arb_Arab": {"Step1": 0.00016666666666666666, "Step50_sbeam8": 0.00016666666666666666}, "amh_Ethi": {"Step1": 0.004815305282952341, "Step50_sbeam8": 0.0035529080176139004}, "mlt_Latn": {"Step1": 0.006794478912485234, "Step50_sbeam8": 0.004966548949232399}, "hin_Deva": {"Step1": 0.01307832753682372, "Step50_sbeam8": 0.013245866717636025}, "urd_Arab": {"Step1": 0.00038095238095238096, "Step50_sbeam8": 0.0}, "guj_Gujr": {"Step1": 0.004654370288857318, "Step50_sbeam8": 0.00477903140909233}, "sin_Sinh": {"Step1": 0.014860678881276726, "Step50_sbeam8": 0.012233821480663584}, "pan_Guru": {"Step1": 0.0038859416662048243, "Step50_sbeam8": 0.0035431373479748096}, "tur_Latn": {"Step1": 0.008004282809199473, "Step50_sbeam8": 0.008210931840910695}, "kaz_Cyrl": {"Step1": 0.006038986013986013, "Step50_sbeam8": 0.0042919764446080234}, "cmn_Hani": {"Step1": 0.0005989304812834224, "Step50_sbeam8": 0.0008765639589169}, "jpn_Jpan": {"Step1": 0.00039629629629629634, "Step50_sbeam8": 0.0005686274509803922}, "kor_Hang": {"Step1": 0.002787440096135748, "Step50_sbeam8": 0.0030543109668109674}, "mon_Cyrl": {"Step1": 0.0006901535682023487, "Step50_sbeam8": 0.0015544870305845915}, "hun_Latn": {"Step1": 0.016224229773177234, "Step50_sbeam8": 0.015856702291329405}, "mhr_Cyrl": {"Step1": 0.001, "Step50_sbeam8": 0.0003333333333333333}, "fin_Latn": {"Step1": 0.003674689447901862, "Step50_sbeam8": 0.003557964749595725}}, "yiyic/mt5_alephbert_heb_Hebr_32_inverter": {"deu_Latn": {"Base": 0.05861966477384609}, "ydd_Hebr": {"Base": 0.004189436370081531}, "heb_Hebr": {"Base": 0.027938635049161362}, "arb_Arab": {"Base": 0.00016666666666666666}, "amh_Ethi": {"Base": 0.006196564050162855}, "mlt_Latn": {"Base": 0.009637274141849842}, "hin_Deva": {"Base": 0.01558470705938801}, "urd_Arab": {"Base": 0.0005517241379310345}, "guj_Gujr": {"Base": 0.0047364678031006635}, "sin_Sinh": {"Base": 0.014643877082578628}, "pan_Guru": {"Base": 0.00803005698005698}, "tur_Latn": {"Base": 0.011055484272251037}, "kaz_Cyrl": {"Base": 0.003435049917402859}, "cmn_Hani": {"Base": 0.0012478254459678609}, "jpn_Jpan": {"Base": 0.0006372688477951636}, "kor_Hang": {"Base": 0.003542886232541405}, "mon_Cyrl": {"Base": 0.0031997427859496827}, "hun_Latn": {"Base": 0.017438745051023753}, "mhr_Cyrl": {"Base": 0.0011870967741935484}, "fin_Latn": {"Base": 0.004362881392286286}}, "yiyic/mt5_gtr_deu_Latn_32_inverter": {"deu_Latn": {"Base": 0.3819129270659586}, "ydd_Hebr": {"Base": 0.022375941150402163}, "heb_Hebr": {"Base": 0.008609165206250952}, "arb_Arab": {"Base": 0.007452505927738124}, "amh_Ethi": {"Base": 0.03925243718171109}, "mlt_Latn": {"Base": 0.035971714392092624}, "hin_Deva": {"Base": 0.05947880292735759}, "urd_Arab": {"Base": 0.02821882885839374}, "guj_Gujr": {"Base": 0.023321842569942845}, "sin_Sinh": {"Base": 0.05552960212855057}, "pan_Guru": {"Base": 0.02499894953659142}, "tur_Latn": {"Base": 0.03776821235594445}, "kaz_Cyrl": {"Base": 0.012621963167844176}, "cmn_Hani": {"Base": 0.02277900004058407}, "jpn_Jpan": {"Base": 0.0324080709283903}, "kor_Hang": {"Base": 0.027921714952417364}, "mon_Cyrl": {"Base": 0.015776003603801603}, "hun_Latn": {"Base": 0.04397177103658728}, "mhr_Cyrl": {"Base": 0.018922935162980926}, "fin_Latn": {"Base": 0.013760597056703298}}, "yiyic/mt5_text2vec_cmn_Hani_32_inverter": {"deu_Latn": {"Base": 0.00229174974298314}, "ydd_Hebr": {"Base": 0.027308330649436108}, "heb_Hebr": {"Base": 0.008283228518987032}, "arb_Arab": {"Base": 0.015220135285630074}, "amh_Ethi": {"Base": 0.027105297110695543}, "mlt_Latn": {"Base": 0.008472508248080084}, "hin_Deva": {"Base": 0.028283731746080294}, "urd_Arab": {"Base": 0.03255489652762097}, "guj_Gujr": {"Base": 0.022797897559956377}, "sin_Sinh": {"Base": 0.027179748267032587}, "pan_Guru": {"Base": 0.026022959649569556}, "tur_Latn": {"Base": 0.007470359122728748}, "kaz_Cyrl": {"Base": 0.042796557402094246}, "cmn_Hani": {"Base": 0.06817048302574619}, "jpn_Jpan": {"Base": 0.03783488712869517}, "kor_Hang": {"Base": 0.03368311886996745}, "mon_Cyrl": {"Base": 0.033110903425928984}, "hun_Latn": {"Base": 0.011838147120132453}, "mhr_Cyrl": {"Base": 0.03326836865996208}, "fin_Latn": {"Base": 0.004314493326879638}}}