,deu_Latn,mlt_Latn,tur_Latn,hun_Latn,fin_Latn,kaz_Cyrl,mhr_Cyrl,mon_Cyrl,ydd_Hebr,heb_Hebr,arb_Arab,urd_Arab,hin_Deva,guj_Gujr,pan_Guru,sin_Sinh,cmn_Hani,jpn_Jpan,kor_Hang,amh_Ethi
alephbert_heb_Hebr_corrector,0.7574714422225952,0.424919992685318,0.4082043170928955,0.3571273684501648,,0.6019743084907532,0.5291924476623535,0.4594576060771942,0.4763526916503906,0.9017850756645203,0.5921531319618225,0.4245583117008209,0.4050508737564087,0.18828590214252472,0.31635746359825134,0.22887033224105835,0.2129160463809967,0.5459016561508179,0.3267330825328827,0.2635209858417511
gtr_deu_Latn_corrector,0.971848726272583,0.3914683759212494,0.6778723001480103,0.49261364340782166,0.36333271861076355,0.5437872409820557,0.3073510527610779,0.5204485654830933,0.5459351539611816,0.954586386680603,0.9947637915611267,0.9959036111831665,0.5302109122276306,0.6720007658004761,0.6483421325683594,0.7585915923118591,0.36548811197280884,0.21943587064743042,0.6970932483673096,0.7755662202835083
text2vec_cmn_Hani_corrector,0.7342196702957153,0.6825422048568726,0.6345329284667969,0.6566790342330933,0.649037778377533,0.7085402011871338,0.7488971948623657,0.6562309265136719,0.7532069683074951,0.7323696613311768,0.7400095462799072,0.7387039065361023,0.7657396793365479,0.7528703212738037,0.7553125023841858,0.7239105701446533,0.8576104640960693,0.7894496917724609,0.7694910764694214,0.7636764645576477
