,deu_Latn,mlt_Latn,tur_Latn,hun_Latn,fin_Latn,kaz_Cyrl,mhr_Cyrl,mon_Cyrl,ydd_Hebr,heb_Hebr,arb_Arab,urd_Arab,hin_Deva,guj_Gujr,pan_Guru,sin_Sinh,cmn_Hani,jpn_Jpan,kor_Hang,amh_Ethi
mt5_alephbert_heb_Hebr_32_corrector,0.03582569097123051,0.004966548949232399,0.008210931840910695,0.015856702291329405,0.003557964749595725,0.0042919764446080234,0.0003333333333333333,0.0015544870305845915,0.007015367965367965,0.02979325396825397,0.00016666666666666666,0.0,0.013245866717636025,0.00477903140909233,0.0035431373479748096,0.012233821480663584,0.0008765639589169,0.0005686274509803922,0.0030543109668109674,0.0035529080176139004
mt5_gtr_deu_Latn_32_corrector,0.4114671584866453,0.03607292204542624,0.035011342506334205,0.041112250338492695,0.016587945980315003,0.01743419019982909,0.028704753393358852,0.021784415025055168,0.04671055926488961,0.03146442225645011,0.03223173150042848,0.049400499210526166,0.08545551924763597,0.06020638044117638,0.05084286146107708,0.06813163325090893,0.019481393653708226,0.035504564260938586,0.05264499829761506,0.07108792768551918
mt5_text2vec_cmn_Hani_32_corrector,0.001454819819728542,0.006783746812978714,0.006334445057241558,0.012257332275497449,0.0019020888954290193,0.018306870032771358,0.014318112812166517,0.01882387835770233,0.01213121296551671,0.0024853992756469533,0.005978547000030376,0.016109123092217896,0.01980296697319199,0.013053423700482522,0.01117868187715576,0.014113942795250845,0.07511908744849918,0.037426171858756976,0.013329494287140004,0.010462951610292568
