{"token_set_precision": 0.09593158720364625, "token_set_recall": 0.10534188167353825, "token_set_f1": 0.09864733684568226, "token_set_f1_sem": 0.0037927432130823984, "n_ngrams_match_1": 1.428, "n_ngrams_match_2": 0.084, "n_ngrams_match_3": 0.014, "num_true_words": 13.352, "num_pred_words": 14.33}