{"token_set_precision": 0.06869917076387666, "token_set_recall": 0.15149285714285748, "token_set_f1": 0.09186172315522771, "token_set_f1_sem": 0.004009113880937844, "n_ngrams_match_1": 0.904, "n_ngrams_match_2": 0.056, "n_ngrams_match_3": 0.004, "num_true_words": 12.698, "num_pred_words": 9.024}