{"token_set_precision": 0.12877936083524336, "token_set_recall": 0.1400080086580089, "token_set_f1": 0.13052549196589444, "token_set_f1_sem": 0.00611732112879613, "n_ngrams_match_1": 1.04, "n_ngrams_match_2": 0.02, "n_ngrams_match_3": 0.004, "num_true_words": 5.81, "num_pred_words": 4.714}