{"token_set_precision": 0.06110881348613547, "token_set_recall": 0.14725763680763698, "token_set_f1": 0.08336968661618205, "token_set_f1_sem": 0.003888249842614978, "n_ngrams_match_1": 0.974, "n_ngrams_match_2": 0.046, "n_ngrams_match_3": 0.006, "num_true_words": 14.658, "num_pred_words": 10.108}