{"token_set_precision": 0.0491924281772579, "token_set_recall": 0.12742935135040429, "token_set_f1": 0.0658266315945211, "token_set_f1_sem": 0.0032039534126708773, "n_ngrams_match_1": 0.89, "n_ngrams_match_2": 0.012, "n_ngrams_match_3": 0.0, "num_true_words": 15.884, "num_pred_words": 12.254}