{"token_set_precision": 0.06425937918290853, "token_set_recall": 0.07601602972191215, "token_set_f1": 0.06848979089592319, "token_set_f1_sem": 0.0032656016588233925, "n_ngrams_match_1": 0.81, "n_ngrams_match_2": 0.024, "n_ngrams_match_3": 0.004, "num_true_words": 12.004, "num_pred_words": 11.138}