{"token_set_precision": 0.0725715701992927, "token_set_recall": 0.08341718200100562, "token_set_f1": 0.07703535317762035, "token_set_f1_sem": 0.004221977906058996, "n_ngrams_match_1": 1.134, "n_ngrams_match_2": 0.2, "n_ngrams_match_3": 0.082, "num_true_words": 15.028, "num_pred_words": 13.864}