{"token_set_precision": 0.061786957976663816, "token_set_recall": 0.09421851139057037, "token_set_f1": 0.0699598187944506, "token_set_f1_sem": 0.003749952290296706, "n_ngrams_match_1": 0.862, "n_ngrams_match_2": 0.048, "n_ngrams_match_3": 0.014, "num_true_words": 12.004, "num_pred_words": 12.37}