{"token_set_precision": 0.044712550676018134, "token_set_recall": 0.06005744418979713, "token_set_f1": 0.05009100863670249, "token_set_f1_sem": 0.002873272153426585, "n_ngrams_match_1": 0.748, "n_ngrams_match_2": 0.004, "n_ngrams_match_3": 0.0, "num_true_words": 13.944, "num_pred_words": 13.738}