{"token_set_precision": 0.006259208919735237, "token_set_recall": 0.0411891774891775, "token_set_f1": 0.010218221323058519, "token_set_f1_sem": 0.001692411648732921, "n_ngrams_match_1": 0.106, "n_ngrams_match_2": 0.008, "n_ngrams_match_3": 0.0, "num_true_words": 14.93, "num_pred_words": 15.444}