{"token_set_precision": 0.050620753103106056, "token_set_recall": 0.15924205043322695, "token_set_f1": 0.07069655456332795, "token_set_f1_sem": 0.004348532170631768, "n_ngrams_match_1": 0.576, "n_ngrams_match_2": 0.046, "n_ngrams_match_3": 0.002, "num_true_words": 9.846, "num_pred_words": 12.87}