{"token_set_precision": 0.06787932622932619, "token_set_recall": 0.0968247252747255, "token_set_f1": 0.07766533170119959, "token_set_f1_sem": 0.004288773798416211, "n_ngrams_match_1": 0.906, "n_ngrams_match_2": 0.034, "n_ngrams_match_3": 0.002, "num_true_words": 11.858, "num_pred_words": 10.488}