{"token_set_precision": 0.04372477832624892, "token_set_recall": 0.08721059189348673, "token_set_f1": 0.05518807811314602, "token_set_f1_sem": 0.0034291141849294065, "n_ngrams_match_1": 0.684, "n_ngrams_match_2": 0.028, "n_ngrams_match_3": 0.004, "num_true_words": 13.482, "num_pred_words": 10.706}