{"token_set_precision": 0.5320199970095416, "token_set_recall": 0.5728211499628684, "token_set_f1": 0.549651483617643, "token_set_f1_sem": 0.00812430494537758, "n_ngrams_match_1": 8.22, "n_ngrams_match_2": 3.61, "n_ngrams_match_3": 1.882, "num_true_words": 15.214, "num_pred_words": 14.878}