{"token_set_precision": 0.026526755837901327, "token_set_recall": 0.03324920014625894, "token_set_f1": 0.02888257037937603, "token_set_f1_sem": 0.002340754373076188, "n_ngrams_match_1": 0.4, "n_ngrams_match_2": 0.016, "n_ngrams_match_3": 0.0, "num_true_words": 13.484, "num_pred_words": 13.556}