{"token_set_precision": 0.051891175980881825, "token_set_recall": 0.1632664613164614, "token_set_f1": 0.07066677174488067, "token_set_f1_sem": 0.004017186905201681, "n_ngrams_match_1": 0.722, "n_ngrams_match_2": 0.03, "n_ngrams_match_3": 0.002, "num_true_words": 12.004, "num_pred_words": 11.3}