{"token_set_precision": 0.05437353793437379, "token_set_recall": 0.0766119991119992, "token_set_f1": 0.06199669162095985, "token_set_f1_sem": 0.0030944271007550986, "n_ngrams_match_1": 0.904, "n_ngrams_match_2": 0.018, "n_ngrams_match_3": 0.002, "num_true_words": 13.944, "num_pred_words": 14.112}