{"token_set_precision": 0.11420784542255168, "token_set_recall": 0.14803239472945373, "token_set_f1": 0.12558809109567276, "token_set_f1_sem": 0.00473834025570628, "n_ngrams_match_1": 1.594, "n_ngrams_match_2": 0.16, "n_ngrams_match_3": 0.024, "num_true_words": 11.932, "num_pred_words": 12.62}