{"token_set_precision": 0.006886552044446783, "token_set_recall": 0.032706043956043956, "token_set_f1": 0.010481010019050566, "token_set_f1_sem": 0.0017692314834864907, "n_ngrams_match_1": 0.118, "n_ngrams_match_2": 0.02, "n_ngrams_match_3": 0.006, "num_true_words": 14.93, "num_pred_words": 17.13}