{"token_set_precision": 0.10031912205441638, "token_set_recall": 0.12494719447219468, "token_set_f1": 0.10999186352913015, "token_set_f1_sem": 0.003885895416925673, "n_ngrams_match_1": 1.282, "n_ngrams_match_2": 0.13, "n_ngrams_match_3": 0.024, "num_true_words": 12.698, "num_pred_words": 11.02}