{"token_set_precision": 0.4874209665908045, "token_set_recall": 0.5400227575743826, "token_set_f1": 0.5097779040595638, "token_set_f1_sem": 0.007463409868636296, "n_ngrams_match_1": 7.59, "n_ngrams_match_2": 2.994, "n_ngrams_match_3": 1.42, "num_true_words": 15.214, "num_pred_words": 14.98}