{"token_set_precision": 0.06609868766424493, "token_set_recall": 0.10139164430340919, "token_set_f1": 0.07622246113481437, "token_set_f1_sem": 0.0041438566458680695, "n_ngrams_match_1": 0.952, "n_ngrams_match_2": 0.042, "n_ngrams_match_3": 0.006, "num_true_words": 12.334, "num_pred_words": 13.224}