{"token_set_precision": 0.06005494337963375, "token_set_recall": 0.12198682983683001, "token_set_f1": 0.07745797586065584, "token_set_f1_sem": 0.004134089351261379, "n_ngrams_match_1": 0.73, "n_ngrams_match_2": 0.034, "n_ngrams_match_3": 0.012, "num_true_words": 11.074, "num_pred_words": 8.602}