{"token_set_precision": 0.02148042635039537, "token_set_recall": 0.03448817261170202, "token_set_f1": 0.02490210357048693, "token_set_f1_sem": 0.002279410484608337, "n_ngrams_match_1": 0.334, "n_ngrams_match_2": 0.014, "n_ngrams_match_3": 0.0, "num_true_words": 13.484, "num_pred_words": 13.564}