{"token_set_precision": 0.0927822187874047, "token_set_recall": 0.12294952988188312, "token_set_f1": 0.10243989522682634, "token_set_f1_sem": 0.004108077622767867, "n_ngrams_match_1": 1.33, "n_ngrams_match_2": 0.068, "n_ngrams_match_3": 0.002, "num_true_words": 12.482, "num_pred_words": 12.956}