{"token_set_precision": 0.022889945632283075, "token_set_recall": 0.048507442351250374, "token_set_f1": 0.029173785309240734, "token_set_f1_sem": 0.0026277964198044173, "n_ngrams_match_1": 0.348, "n_ngrams_match_2": 0.018, "n_ngrams_match_3": 0.0, "num_true_words": 13.484, "num_pred_words": 10.762}