{"token_set_precision": 0.04995907425907421, "token_set_recall": 0.0790458763458764, "token_set_f1": 0.05970868100884514, "token_set_f1_sem": 0.0037855269535415005, "n_ngrams_match_1": 0.704, "n_ngrams_match_2": 0.028, "n_ngrams_match_3": 0.002, "num_true_words": 11.858, "num_pred_words": 10.466}