{"token_set_precision": 0.3004834988540872, "token_set_recall": 0.3048935786435788, "token_set_f1": 0.299992609143912, "token_set_f1_sem": 0.006945582208571092, "n_ngrams_match_1": 2.308, "n_ngrams_match_2": 0.304, "n_ngrams_match_3": 0.08, "num_true_words": 5.81, "num_pred_words": 5.9}